Name,Address,Country,Website
-,"Stand No - H18-B10, Hall No - Hall 18",United Arab Emirates,https://gwu.ae/
11xboosters.com,"Stand No - H1-C60.9, Hall No - Hall 1",Latvia,https://www.11xboosters.com/
12Grids,"Stand No - H15-D30-29, Hall No - Hall 15",India,https://www.12grids.com/
13059866584,"Stand No - H20-13, Hall No - Hall 20",United States of America,http://www.orbic.us/
1oT,"Stand No - H1-B1, Hall No - Hall 1",Estonia,https://1ot.com/
2023 INCUBE,"Stand No - H3-D45, Hall No - Hall 3",United Arab Emirates,https://e-incube.com/
"3onedata Co., Ltd.","Stand No - H15-65, Hall No - Hall 15",China,https://www.3onedata.com/
3Pillars Digitalization,"Stand No - CC2-3, Hall No - Concourse 2",Saudi Arabia,https://www.3pillarstc.com/
42Gears Mobility Systems,"Stand No - H5-A20, Hall No - Hall 5",India,https://www.42gears.com/
5.0 ROBOTICS,"Stand No - H1-B1, Hall No - Hall 1",Estonia,https://www.50robotics.com/
5dVR,"Stand No - H13-B45, Hall No - Hall 13",Egypt,https://www.5d-vr.com/
7-Network Pte Ltd,"Stand No - H1-A52, Hall No - Hall 1",Singapore,https://7-network.com/
786868967,Stand No - TBC,Austria,https://xporience.com/
A3D POWERED BY CRONOS WALLONIA,"Stand No - H1-C1.9, Hall No - Hall 1",Belgium,https://archited.io/
Aark Technology FZCO,"Stand No - H11-O30, Hall No - Hall 11",United Arab Emirates,http://aarkgroup.co/
Aayan Trading FZE,"Stand No - H11-A61, Hall No - Hall 11",United Arab Emirates,https://aayantradingfze.com/
AB Handshake,"Stand No - H6-7, Hall No - Hall 6",United States of America,https://abhandshake.com/
Abacus Consulting Technology Ltd.,"Stand No - CC1-60-19, Hall No - Concourse 1",Pakistan,https://abacus-global.com/
ABBYY,"Stand No - H3-B42, Hall No - Hall 3",United Arab Emirates,https://www.abbyy.com/
Abcom Distribution LLC,"Stand No - H4-D2, Hall No - Hall 4",United Arab Emirates,https://www.abcom.ae/
Above and Beyond Times Advertising LLC,"Stand No - H14-F41, Hall No - Hall 14",United Arab Emirates,https://aboveandbeyond.ae/
ABSYZ SOFTWARE CONSULTING DMCC,"Stand No - H8-50, Hall No - Hall 8",India,https://absyz.com/
Abu Dhabi Government,"Stand No - H19-B20, Hall No - Hall 19",United Arab Emirates,https://www.adda.gov.ae/
Abu Dhabi Investment Office,"Stand No - H19-B20, Hall No - Hall 19",United Arab Emirates,https://investinabudhabi.gov.ae/
ACAPELA GROUP S.A.,"Stand No - H1-C1.8, Hall No - Hall 1",Belgium,http://www.acapela-group.com/
Acccent,"Stand No - H13-A20, Hall No - Hall 13",Morocco,https://accent.ma/
Accedian Networks Inc.,"Stand No - H20-D05, Hall No - Hall 20",United Kingdom,https://accedian.com/
ACCELERATION,"Stand No - H4A-A10, Hall No - Hall 4A",Russian Federation,https://acceleration-adcm.ru/en
Accent Gulf Computers LLC,"Stand No - H9-13, Hall No - Hall 9",United Arab Emirates,https://accent.ae/
ACCENT INFOTECH MEDIA FZC,"Stand No - CC1-6, Hall No - Concourse 1",United Arab Emirates,https://www.accentinfomedia.com/
Accord Business Group,"Stand No - H6-A10, Hall No - Hall 6",United Arab Emirates,http://accordbgroup.com/
Acentrik,"Stand No - H10-15, Hall No - Hall 10",Singapore,https://acentrik.io/
Acer Sales International SA,"Stand No - H15-120, Hall No - Hall 15",United Arab Emirates,https://www.acer.ae/
Achiever Computers LTD,"Stand No - H2-E10, Hall No - Hall 2",United Arab Emirates,https://www.acl.ae/
Acmetel,"Stand No - H25-15, Hall No - Hall 25",Pakistan,http://acmetel.com/
Acronis,"Stand No - H25-C50, Hall No - Hall 25",Turkmenistan,https://www.acronis.com/
Actility,"Stand No - CC1-28, Hall No - Concourse 1",France,https://www.actility.com/
Action Logistics FZE,"Stand No - H11-O23, Hall No - Hall 11",United Arab Emirates,https://www.actionlogistics.com/
Actronika,"Stand No - H1-A1, Hall No - Hall 1",France,https://www.actronika.com/
Actual I.T. information technology,"Stand No - H4A-05, Hall No - Hall 4A",Slovenia,https://www.actual-it.si/en/home
ADAPTIVE RECOGNITION,"Stand No - H1-D40, Hall No - Hall 1",Hungary,https://adaptiverecognition.com/
Adastra,"Stand No - H7-D1-MS28, Hall No - Hall 7",Canada,https://adastracorp.com/
ADDD,"Stand No - H23-D51, Hall No - Hall 23","Korea, Republic Of",http://addd.co.kr/?lang=en
ADISHWAR TELENETWORKS PVT LTD,"Stand No - H23-A10.12, Hall No - Hall 23",India,https://www.adishwar.in/
Adobe,"Stand No - H7-D1-MS18, Hall No - Hall 7",United Kingdom,https://business.adobe.com/
,,,
,,,
,,,
,,,
,,,
,,,
,,,
,,,
,,,
,,,
,,,
,,,
,,,
,,,
,,,
,,,
,,,
,,,
,,,
,,,
,,,
,,,
,,,
,,,
,,,
,,,
,,,
,,,
,,,
,,,
,,,
,,,
,,,
,,,
,,,
,,,
,,,
,,,
,,,
,,,
,,,
,,,
,,,
,,,
,,,
,,,
,,,
,,,
,,,
,,,
,,,
,,,
,,,
,,,
,,,
,,,
,,,
,,,
,,,
,,,
,,,
,,,
,,,
,,,
,,,
,,,
,,,
,,,
,,,
,,,
,,,
,,,
,,,
,,,
,,,
,,,
,,,
,,,
,,,
,,,
,,,
,,,
,,,
,,,
,,,
,,,
,,,
,,,
,,,
,,,
,,,
,,,
,,,
,,,
,,,
,,,
,,,
,,,
,,,
,,,
,,,
,,,
,,,
,,,
,,,
,,,
,,,
,,,
,,,
,,,
,,,
,,,
,,,
,,,
,,,
,,,
,,,
,,,
,,,
,,,
,,,
,,,
,,,
,,,
,,,
,,,
,,,
,,,
,,,
,,,
,,,
,,,
,,,
,,,
,,,
